Marca,Modelo,Versión,Cantidad
Ford,Ecosport,"1,5 Titanium Automática",1
Ford,Ecosport,"1,6 L 4x2 XLS",1
Ford,Ecosport,1.4 My10 Tdci Xls 4x2,2
Ford,Ecosport,1.4 Tdci Xl Plus,1
Ford,Ecosport,1.4 Tdci Xl Plus Mp3 4x2,2
Ford,Ecosport,1.4 Tdci Xls,5
Ford,Ecosport,1.4 Tdci Xls Mp3 4x2,6
Ford,Ecosport,1.5 D Se 100cv 4x2,11
Ford,Ecosport,1.5 FREESTY,1
Ford,Ecosport,1.5 FREESTYLE L/18,1
Ford,Ecosport,1.5 FREESTYLE L18,2
Ford,Ecosport,1.5 Freestyle 123cv 4x2,105
Ford,Ecosport,1.5 Freestyle 123cv 4x4,1
Ford,Ecosport,1.5 S,2
Ford,Ecosport,1.5 S 123cv 4x2,43
Ford,Ecosport,1.5 S L18,1
Ford,Ecosport,1.5 S Tdci 90cv 4x2,3
Ford,Ecosport,1.5 SE AT L18,3
Ford,Ecosport,1.5 Se,14
Ford,Ecosport,1.5 Se 123cv 4x2,104
Ford,Ecosport,1.5 Se 123cv 4x2 AT,1
Ford,Ecosport,1.5 Se 123cv 4x2 Automática,24
Ford,Ecosport,1.5 Se 123cv 4x2 Manual,71
Ford,Ecosport,1.5 Se 4x2 Automática,1
Ford,Ecosport,1.5 Se L18,1
Ford,Ecosport,1.5 Se Tdci 90cv 4x2,23
Ford,Ecosport,1.5 TDCI SE L18,1
Ford,Ecosport,1.5 TITANIUM,6
Ford,Ecosport,1.5 TITANIUM AT,2
Ford,Ecosport,1.5 Titanium 123Cv 4X2,76
Ford,Ecosport,1.5 Titanium 123Cv 4X2 aut ar,1
Ford,Ecosport,1.5 Titanium 123cv 4x2 Automática,32
Ford,Ecosport,1.5 Titanium 123cv 4x2 Manual,36
Ford,Ecosport,1.5 Titanium 123cv 4x2 Manual ar,1
Ford,Ecosport,1.5 Titanium L18,1
Ford,Ecosport,1.6 Freestyle 110cv 4x2,91
Ford,Ecosport,1.6 L 4x2 XLS,1
Ford,Ecosport,1.6 My10 Freestyle 4x2,2
Ford,Ecosport,1.6 My10 Xl Plus Mp3 4x2,44
Ford,Ecosport,1.6 My10 Xls 4x2,45
Ford,Ecosport,1.6 My10 Xls 4x2 S/aa,2
Ford,Ecosport,1.6 My10 Xls Plus 4x2,13
Ford,Ecosport,1.6 S,1
Ford,Ecosport,1.6 S 110cv 4x2,66
Ford,Ecosport,1.6 S L13,1
Ford,Ecosport,1.6 Se,1
Ford,Ecosport,1.6 Se 110cv 4x2,191
Ford,Ecosport,1.6 Titanium 110cv 4x2,111
Ford,Ecosport,1.6 Xl Plus,6
Ford,Ecosport,1.6 Xl Plus Gnc,1
Ford,Ecosport,1.6 Xl Plus Mp3 4x2,25
Ford,Ecosport,1.6 Xls,28
Ford,Ecosport,1.6 Xls 4x2,1
Ford,Ecosport,1.6 Xls Gnc,5
Ford,Ecosport,1.6 Xls Mp3 4x2,26
Ford,Ecosport,1.6 Xls Seguridad,2
Ford,Ecosport,1.6 Xlt,1
Ford,Ecosport,1.6L FREESTYLE,1
Ford,Ecosport,2.0 4X4 FREESTYLE AT L18,1
Ford,Ecosport,2.0 4x2 xlt low,1
Ford,Ecosport,2.0 Freestyle 143 4x4,26
Ford,Ecosport,2.0 Gdi 170cv 4x4 At,3
Ford,Ecosport,2.0 Gdi Freestyle 170cv 4x4,9
Ford,Ecosport,2.0 Gdi Se 170cv 4x2,5
Ford,Ecosport,2.0 Gdi Storm 170Cv 4X4,9
Ford,Ecosport,2.0 Gdi Titanium 170cv 4x2,36
Ford,Ecosport,2.0 My10 Xls 4x2,21
Ford,Ecosport,2.0 My10 Xlt Plus 4wd 4x4,4
Ford,Ecosport,2.0 My10 Xlt Plus 4x2,10
Ford,Ecosport,2.0 My10 Xlt Plus At 4x2,2
Ford,Ecosport,2.0 SE AT L18,1
Ford,Ecosport,2.0 Se 143cv 4x2,40
Ford,Ecosport,2.0 TITANIUM AT L13,3
Ford,Ecosport,2.0 TITANIUM AT L18,1
Ford,Ecosport,2.0 TITANIUM L13,1
Ford,Ecosport,2.0 Titanium,1
Ford,Ecosport,2.0 Titanium 143cv 4x2,46
Ford,Ecosport,2.0 Titanium At,2
Ford,Ecosport,2.0 Titanium At L18,1
Ford,Ecosport,2.0 Titanium Powershift 143cv 4x2,7
Ford,Ecosport,2.0 Titanium Powershift 4x2 Dps6,24
Ford,Ecosport,2.0 Titaniun At,1
Ford,Ecosport,2.0 XLT PLUS 4x4,1
Ford,Ecosport,2.0 Xls 4x2,20
Ford,Ecosport,2.0 Xlt,3
Ford,Ecosport,2.0 Xlt 4x4,3
Ford,Ecosport,2.0 Xlt 4x4 Plus,1
Ford,Ecosport,2.0 Xlt Plus 4x2,10
Ford,Ecosport,2.0 Xlt Plus At 4x2,2
Ford,Ecosport,2.0 titanium automatico,1
Ford,Ecosport,4x2 XL Plus 1.6,1
Ford,Ecosport,ECOSPORT SE 1.5L AT N,1
Ford,Ecosport,ECOSPORT TITANIUM 2.0L MT N,1
Ford,Ecosport,FREESTYLE,1
Ford,Ecosport,FREESTYLE 1.5L MT,1
Ford,Ecosport,Freestyle 1.6,1
Ford,Ecosport,S,2
Ford,Ecosport,SE 1.5,1
Ford,Ecosport,SE 1.5 MT,1
Ford,Ecosport,SE 1.5 TDCI MT,1
Ford,Ecosport,SE 2.0L MT N,1
Ford,Ecosport,Se 1.5,1
Ford,Ecosport,Se 1.6l,1
Ford,Ecosport,TITANIUM 2.0L AT POWE,1
Ford,Ecosport,TITANIUM2.0L AT N,1
Ford,Ecosport,Titanium,2
Ford,Ecosport,Titanium 1.5 AT,1
Ford,Ecosport,XL Plus,1
Ford,Ecosport,storm,1
Ford,Ecosport,titanium,1
