title,price,year,kilometers,location,link,scraped_at
Volkswagen T-cross 1.0 200 Tsi Trendline Aut,22.100,2025,0 Km,N/A,https://auto.mercadolibre.com.ar/MLA-2103816268-volkswagen-t-cross-10-200-tsi-trendline-aut-_JM?highlight=false&headerTopBrand=false#polycard_client=search-nordic&position=3&search_layout=grid&type=item&tracking_id=02174517-0a9f-450f-9264-167de551e594,2025-06-05T13:16:23.962808
Jeep Renegade 1.3t Longitude At6 Fwd,36.950.000,2025,0 Km,N/A,https://auto.mercadolibre.com.ar/MLA-2103702222-jeep-renegade-13t-longitude-at6-fwd-_JM?highlight=false&headerTopBrand=true#polycard_client=search-nordic&position=4&search_layout=grid&type=item&tracking_id=02174517-0a9f-450f-9264-167de551e594,2025-06-05T13:16:24.072071
Renault Duster 1.3 Tce Turbo Iconic 155cv 4x4,31.189.900,2025,0 Km,N/A,https://auto.mercadolibre.com.ar/MLA-2103727816-renault-duster-13-tce-turbo-iconic-155cv-4x4-_JM?highlight=false&headerTopBrand=true#polycard_client=search-nordic&position=5&search_layout=grid&type=item&tracking_id=02174517-0a9f-450f-9264-167de551e594,2025-06-05T13:16:24.185207
Renault Duster 1.3 Tce Turbo Iconic 155cv 4x4,31.189.900,2025,2.500 Km,N/A,https://auto.mercadolibre.com.ar/MLA-2103636890-renault-duster-13-tce-turbo-iconic-155cv-4x4-_JM?highlight=false&headerTopBrand=true#polycard_client=search-nordic&position=6&search_layout=grid&type=item&tracking_id=02174517-0a9f-450f-9264-167de551e594,2025-06-05T13:16:24.293466
Chevrolet Tracker 1.2 Turbo Ltz At,35.600.000,2024,1.000 Km,N/A,https://auto.mercadolibre.com.ar/MLA-2103599184-chevrolet-tracker-ltz-12n-turbo-automatico-_JM?highlight=false&headerTopBrand=true#polycard_client=search-nordic&position=7&search_layout=grid&type=item&tracking_id=02174517-0a9f-450f-9264-167de551e594,2025-06-05T13:16:24.415494
Volkswagen Taos 1.4 250 Tsi Highline,44.500.000,2025,0 Km,N/A,https://auto.mercadolibre.com.ar/MLA-2103727390-volkswagen-taos-14-250-tsi-highline-fc-_JM?highlight=false&headerTopBrand=true#polycard_client=search-nordic&position=8&search_layout=grid&type=item&tracking_id=02174517-0a9f-450f-9264-167de551e594,2025-06-05T13:16:24.522797
Peugeot 2008 1.0t Allure,22.999.999,2025,0 Km,N/A,https://auto.mercadolibre.com.ar/MLA-2103828540-peugeot-2008-10t-allure-_JM?highlight=false&headerTopBrand=true#polycard_client=search-nordic&position=9&search_layout=grid&type=item&tracking_id=02174517-0a9f-450f-9264-167de551e594,2025-06-05T13:16:24.625401
Peugeot 2008 1.0t Allure,17.999.999,2025,0 Km,N/A,https://auto.mercadolibre.com.ar/MLA-2103828538-peugeot-2008-10t-allure-_JM?highlight=false&headerTopBrand=true#polycard_client=search-nordic&position=10&search_layout=grid&type=item&tracking_id=02174517-0a9f-450f-9264-167de551e594,2025-06-05T13:16:24.740629
Chevrolet Tracker 1.2 Turbo Ltz At,35.600.000,2024,1.000 Km,N/A,https://auto.mercadolibre.com.ar/MLA-2103419646-suv-chevrolet-tracker-ltz-12n-turbo-automatico-6-vel-2024-_JM?highlight=false&headerTopBrand=true#polycard_client=search-nordic&position=11&search_layout=grid&type=item&tracking_id=02174517-0a9f-450f-9264-167de551e594,2025-06-05T13:16:24.856754
Renault Duster 1.3 Tce Turbo Iconic 155cv 4x4,31.189.900,2025,2.500 Km,N/A,https://auto.mercadolibre.com.ar/MLA-2103599024-renault-duster-13-tce-turbo-iconic-155cv-4x4-_JM?highlight=false&headerTopBrand=true#polycard_client=search-nordic&position=12&search_layout=grid&type=item&tracking_id=02174517-0a9f-450f-9264-167de551e594,2025-06-05T13:16:24.969156
Volkswagen Taos 1.4 250 Tsi Comfortline,37.400.000,2025,0 Km,N/A,https://auto.mercadolibre.com.ar/MLA-2103675720-volkswagen-taos-14-250-tsi-comfortline-fc-_JM?highlight=false&headerTopBrand=true#polycard_client=search-nordic&position=13&search_layout=grid&type=item&tracking_id=02174517-0a9f-450f-9264-167de551e594,2025-06-05T13:16:25.065224
Renault Duster 1.3 Tce Turbo Iconic 155cv Cvt X-tronic,29.964.999,2025,0 Km,N/A,https://auto.mercadolibre.com.ar/MLA-2103727166-renault-duster-13-tce-turbo-iconic-155cv-cvt-x-tronic-_JM?highlight=false&headerTopBrand=true#polycard_client=search-nordic&position=14&search_layout=grid&type=item&tracking_id=02174517-0a9f-450f-9264-167de551e594,2025-06-05T13:16:25.167989
Peugeot 2008 1.0t Gt,25.904.000,2025,0 Km,N/A,https://auto.mercadolibre.com.ar/MLA-2103713970-peugeot-2008-10t-gt-x-_JM?highlight=false&headerTopBrand=true#polycard_client=search-nordic&position=15&search_layout=grid&type=item&tracking_id=02174517-0a9f-450f-9264-167de551e594,2025-06-05T13:16:25.303170
Peugeot 2008 1.0t Active,30.999.999,2025,0 Km,N/A,https://auto.mercadolibre.com.ar/MLA-2103636288-peugeot-2008-10t-active-x-_JM?highlight=false&headerTopBrand=true#polycard_client=search-nordic&position=16&search_layout=grid&type=item&tracking_id=02174517-0a9f-450f-9264-167de551e594,2025-06-05T13:16:25.430800
Peugeot 2008 1.0t Allure,34.999.999,2025,0 Km,N/A,https://auto.mercadolibre.com.ar/MLA-2103828098-peugeot-2008-208-10t-allure-x-_JM?highlight=false&headerTopBrand=true#polycard_client=search-nordic&position=17&search_layout=grid&type=item&tracking_id=02174517-0a9f-450f-9264-167de551e594,2025-06-05T13:16:25.560689
Renault Duster 1.3 Tce Turbo Iconic 155cv 4x4,31.289.900,2025,0 Km,N/A,https://auto.mercadolibre.com.ar/MLA-2103675386-renault-duster-13-tce-turbo-iconic-155cv-4x4-_JM?highlight=false&headerTopBrand=true#polycard_client=search-nordic&position=18&search_layout=grid&type=item&tracking_id=02174517-0a9f-450f-9264-167de551e594,2025-06-05T13:16:25.770938
Jeep Commander 1.3 T270 Limited 4x2 At6,48.000.000,2025,0 Km,N/A,https://auto.mercadolibre.com.ar/MLA-2103827990-jeep-commander-_JM?highlight=false&headerTopBrand=true#polycard_client=search-nordic&position=19&search_layout=grid&type=item&tracking_id=02174517-0a9f-450f-9264-167de551e594,2025-06-05T13:16:25.902689
Renault Duster 1.3 Tce Turbo Iconic 155cv 4x4,31.289.900,2025,0 Km,N/A,https://auto.mercadolibre.com.ar/MLA-2103700938-renault-duster-13-tce-turbo-iconic-155cv-4x4-_JM?highlight=false&headerTopBrand=true#polycard_client=search-nordic&position=20&search_layout=grid&type=item&tracking_id=02174517-0a9f-450f-9264-167de551e594,2025-06-05T13:16:26.049350
Volkswagen Taos 1.4 250 Tsi Comfortline,25.500,2025,1.800 Km,N/A,https://auto.mercadolibre.com.ar/MLA-2103496838-volkswagen-taos-14-250-tsi-comfortline-_JM?highlight=false&headerTopBrand=false#polycard_client=search-nordic&position=21&search_layout=grid&type=item&tracking_id=02174517-0a9f-450f-9264-167de551e594,2025-06-05T13:16:26.254203
Jeep Compass 1.3 T270 Serie-s 4x2 At6,44.000.000,2025,0 Km,N/A,https://auto.mercadolibre.com.ar/MLA-2103840668-jeep-compass-serie-s-_JM?highlight=false&headerTopBrand=true#polycard_client=search-nordic&position=22&search_layout=grid&type=item&tracking_id=02174517-0a9f-450f-9264-167de551e594,2025-06-05T13:16:26.409177
Fiat Fastback 1.3 Abarth T270 At6,19.900.000,2025,0 Km,N/A,https://auto.mercadolibre.com.ar/MLA-2103840628-nuevo-fiat-fastback-13-abarth-tomo-usado-llave-x-llave-mg-_JM?highlight=false&headerTopBrand=false#polycard_client=search-nordic&position=23&search_layout=grid&type=item&tracking_id=02174517-0a9f-450f-9264-167de551e594,2025-06-05T13:16:26.516460
Chevrolet Tracker 1.2 Premier Turbo At,37.195.000,2025,0 Km,N/A,https://auto.mercadolibre.com.ar/MLA-2103585182-chevrolet-tracker-12t-premier-at-2025-_JM?highlight=false&headerTopBrand=true#polycard_client=search-nordic&position=24&search_layout=grid&type=item&tracking_id=02174517-0a9f-450f-9264-167de551e594,2025-06-05T13:16:26.615428
Chevrolet Tracker 1.2 Ltz Turbo At,31.555.000,2024,1.000 Km,N/A,https://auto.mercadolibre.com.ar/MLA-2103827558-chevrolet-tracker-12t-ltz-at-2025-_JM?highlight=false&headerTopBrand=true#polycard_client=search-nordic&position=25&search_layout=grid&type=item&tracking_id=02174517-0a9f-450f-9264-167de551e594,2025-06-05T13:16:26.715184
Fiat Fastback 1.3 T270 At6,32.481.000,2025,0 Km,N/A,https://auto.mercadolibre.com.ar/MLA-2103635712-fiat-fastback-13-t270-at6-_JM?highlight=false&headerTopBrand=true#polycard_client=search-nordic&position=26&search_layout=grid&type=item&tracking_id=02174517-0a9f-450f-9264-167de551e594,2025-06-05T13:16:26.821534
Peugeot 2008 1.0t Gt,35.050.000,2025,0 Km,N/A,https://auto.mercadolibre.com.ar/MLA-2103674854-peugeot-2008-10t-gt-at-_JM?highlight=false&headerTopBrand=true#polycard_client=search-nordic&position=27&search_layout=grid&type=item&tracking_id=02174517-0a9f-450f-9264-167de551e594,2025-06-05T13:16:26.921705
Chevrolet Tracker 1.2 Ltz Turbo At,31.555.000,2024,1.000 Km,N/A,https://auto.mercadolibre.com.ar/MLA-2103853546-chevrolet-tracker-12t-ltz-at-_JM?highlight=false&headerTopBrand=true#polycard_client=search-nordic&position=28&search_layout=grid&type=item&tracking_id=02174517-0a9f-450f-9264-167de551e594,2025-06-05T13:16:27.025424
Chevrolet Tracker 1.2 Premier Turbo At,37.195.000,2024,1.000 Km,N/A,https://auto.mercadolibre.com.ar/MLA-2103853414-chevrolet-tracker-12t-premier-at-2025-_JM?highlight=false&headerTopBrand=true#polycard_client=search-nordic&position=29&search_layout=grid&type=item&tracking_id=02174517-0a9f-450f-9264-167de551e594,2025-06-05T13:16:27.131808
Chevrolet Trailblazer 2.8 Ctdi Premier 200cv 4x4 At,65.480.000,2025,0 Km,N/A,https://auto.mercadolibre.com.ar/MLA-2103827300-chevrolet-trailblazer-28-ctdi-premier-200cv-4x4-at-_JM?highlight=false&headerTopBrand=true#polycard_client=search-nordic&position=30&search_layout=grid&type=item&tracking_id=02174517-0a9f-450f-9264-167de551e594,2025-06-05T13:16:27.230787
Chevrolet Tracker 1.2 Turbo At,27.000.000,2025,0 Km,N/A,https://auto.mercadolibre.com.ar/MLA-2103814358-chevrolet-tracker-12t-at-entrega-inmediata-_JM?highlight=false&headerTopBrand=true#polycard_client=search-nordic&position=31&search_layout=grid&type=item&tracking_id=02174517-0a9f-450f-9264-167de551e594,2025-06-05T13:16:27.326781
Chevrolet Tracker 1.2 Turbo At,27.059.000,2024,1.000 Km,N/A,https://auto.mercadolibre.com.ar/MLA-2103840220-chevrolet-tracker-12t-lt-at-2025-_JM?highlight=false&headerTopBrand=true#polycard_client=search-nordic&position=32&search_layout=grid&type=item&tracking_id=02174517-0a9f-450f-9264-167de551e594,2025-06-05T13:16:27.433044
Peugeot 2008 1.0t Gt,39.750.000,2025,0 Km,N/A,https://auto.mercadolibre.com.ar/MLA-2103866252-peugeot-2008-10t-gt-sd-_JM?highlight=false&headerTopBrand=true#polycard_client=search-nordic&position=33&search_layout=grid&type=item&tracking_id=02174517-0a9f-450f-9264-167de551e594,2025-06-05T13:16:27.555217
Chevrolet Tracker 1.2 Premier Turbo At,38.130.000,2025,0 Km,N/A,https://auto.mercadolibre.com.ar/MLA-2103496170-chevrolet-tracker-12t-premier-unidad-fisica-_JM?highlight=false&headerTopBrand=true#polycard_client=search-nordic&position=34&search_layout=grid&type=item&tracking_id=02174517-0a9f-450f-9264-167de551e594,2025-06-05T13:16:27.690913
Chevrolet Tracker 1.2 Turbo Mt,25.643.000,2024,1.000 Km,N/A,https://auto.mercadolibre.com.ar/MLA-2103969382-chevrolet-tracker-12t-lt-mt-2025-_JM?highlight=false&headerTopBrand=true#polycard_client=search-nordic&position=35&search_layout=grid&type=item&tracking_id=02174517-0a9f-450f-9264-167de551e594,2025-06-05T13:16:27.848332
Chevrolet Tracker 1.2 Turbo At,27.059.000,2024,1.000 Km,N/A,https://auto.mercadolibre.com.ar/MLA-2103866208-chevrolet-tracker-12t-lt-at-_JM?highlight=false&headerTopBrand=true#polycard_client=search-nordic&position=36&search_layout=grid&type=item&tracking_id=02174517-0a9f-450f-9264-167de551e594,2025-06-05T13:16:27.992033
Chevrolet Trailblazer 2.8 Ctdi Premier 200cv 4x4 At,61.512.000,2025,0 Km,N/A,https://auto.mercadolibre.com.ar/MLA-1503198997-trailblazer-28-ctdi-premier-200cv-4x4-at-_JM?highlight=false&headerTopBrand=true#polycard_client=search-nordic&position=37&search_layout=grid&type=item&tracking_id=02174517-0a9f-450f-9264-167de551e594,2025-06-05T13:16:28.097026
Chevrolet Tracker 1.2 Ltz Turbo At,32.800.000,2025,0 Km,N/A,https://auto.mercadolibre.com.ar/MLA-2103814112-chevrolet-tracker-12t-ltz-at-_JM?highlight=false&headerTopBrand=true#polycard_client=search-nordic&position=38&search_layout=grid&type=item&tracking_id=02174517-0a9f-450f-9264-167de551e594,2025-06-05T13:16:28.195476
Chevrolet Tracker 1.2 Ltz Turbo At,32.800.000,2025,0 Km,N/A,https://auto.mercadolibre.com.ar/MLA-2103814104-chevrolet-tracker-12t-ltz-automatico-_JM?highlight=false&headerTopBrand=true#polycard_client=search-nordic&position=39&search_layout=grid&type=item&tracking_id=02174517-0a9f-450f-9264-167de551e594,2025-06-05T13:16:28.295590
Jeep Renegade 1.3 Serie-s At6,36.999.999,2025,0 Km,N/A,https://auto.mercadolibre.com.ar/MLA-2103418170-jeep-renegade-13-serie-s-at6-0km-contado-m-_JM?highlight=false&headerTopBrand=true#polycard_client=search-nordic&position=40&search_layout=grid&type=item&tracking_id=02174517-0a9f-450f-9264-167de551e594,2025-06-05T13:16:28.395212
Chevrolet Tracker 1.2 Turbo At,27.800.000,2024,1.000 Km,N/A,https://auto.mercadolibre.com.ar/MLA-2103969206-chevrolet-tracker-12t-at-_JM?highlight=false&headerTopBrand=true#polycard_client=search-nordic&position=41&search_layout=grid&type=item&tracking_id=02174517-0a9f-450f-9264-167de551e594,2025-06-05T13:16:28.495155
Chevrolet Tracker 1.2 Ltz Turbo At,32.800.000,2024,1.000 Km,N/A,https://auto.mercadolibre.com.ar/MLA-2103827024-chevrolet-tracker-12t-ltz-at-2025-_JM?highlight=false&headerTopBrand=true#polycard_client=search-nordic&position=42&search_layout=grid&type=item&tracking_id=02174517-0a9f-450f-9264-167de551e594,2025-06-05T13:16:28.599360
Chevrolet Tracker 1.2 Turbo At,27.800.000,2024,1.000 Km,N/A,https://auto.mercadolibre.com.ar/MLA-2103418114-chevrolet-tracker-12t-at-2025-_JM?highlight=false&headerTopBrand=true#polycard_client=search-nordic&position=43&search_layout=grid&type=item&tracking_id=02174517-0a9f-450f-9264-167de551e594,2025-06-05T13:16:28.707900
Chevrolet Tracker 1.2 Premier Turbo At,38.130.000,2024,1.000 Km,N/A,https://auto.mercadolibre.com.ar/MLA-2103635196-chevroler-tracker-12t-premier-entrega-inmediata-_JM?highlight=false&headerTopBrand=true#polycard_client=search-nordic&position=44&search_layout=grid&type=item&tracking_id=02174517-0a9f-450f-9264-167de551e594,2025-06-05T13:16:28.912702
Volkswagen T-cross 1.0 200 Tsi Trendline Aut,29.500.000,2025,0 Km,N/A,https://auto.mercadolibre.com.ar/MLA-2103699992-volkswagen-t-cross-10-tsi-trendline-mt-m10-no-tomo-permuta-_JM?highlight=false&headerTopBrand=true#polycard_client=search-nordic&position=45&search_layout=grid&type=item&tracking_id=02174517-0a9f-450f-9264-167de551e594,2025-06-05T13:16:29.016568
Chevrolet Tracker 1.2 Ltz Turbo At,32.800.000,2025,0 Km,N/A,https://auto.mercadolibre.com.ar/MLA-2103699988-chevrolet-tracker-12t-ltz-automatico-2025-_JM?highlight=false&headerTopBrand=true#polycard_client=search-nordic&position=46&search_layout=grid&type=item&tracking_id=02174517-0a9f-450f-9264-167de551e594,2025-06-05T13:16:29.113987
Chevrolet Tracker 1.2 Turbo At,27.673.000,2024,1.000 Km,N/A,https://auto.mercadolibre.com.ar/MLA-2103751766-chevrolet-tracker-12t-at-entrega-inmediata-_JM?highlight=false&headerTopBrand=true#polycard_client=search-nordic&position=47&search_layout=grid&type=item&tracking_id=02174517-0a9f-450f-9264-167de551e594,2025-06-05T13:16:29.211636
Peugeot 2008 1.0t Allure,35.400.000,2025,0 Km,N/A,https://auto.mercadolibre.com.ar/MLA-2103418058-peugeot-2008-10t-allure-sd-_JM?highlight=false&headerTopBrand=true#polycard_client=search-nordic&position=48&search_layout=grid&type=item&tracking_id=02174517-0a9f-450f-9264-167de551e594,2025-06-05T13:16:29.315402
Chevrolet Tracker 1.2 Premier Turbo At,34.299.999,2025,0 Km,N/A,https://auto.mercadolibre.com.ar/MLA-2103584548-chevrolet-tracker-premier-12n-turbo-autom-_JM?highlight=false&headerTopBrand=true#polycard_client=search-nordic&position=49&search_layout=grid&type=item&tracking_id=02174517-0a9f-450f-9264-167de551e594,2025-06-05T13:16:29.415357
Peugeot 2008 1.0t Gt,38.300.000,2025,0 Km,N/A,https://auto.mercadolibre.com.ar/MLA-2103839780-peugeot-2008-10t-gt-_JM?highlight=false&headerTopBrand=true#polycard_client=search-nordic&position=50&search_layout=grid&type=item&tracking_id=02174517-0a9f-450f-9264-167de551e594,2025-06-05T13:16:29.527271
