Brand,Model,Version,Quantity
Alfa Romeo,Stelvio,Veloce,17
Alfa Romeo,Stelvio,Distinctive Q4,7
Alfa Romeo,Stelvio,Super,4
Alfa Romeo,Stelvio,Quadrifoglio,1
Alfa Romeo,Tonale,Sprint,8
Alfa Romeo,Tonale,Veloce,8
Asia,N/A,N/A,0
Audi,E-Tron Sportback,N/A,0
Audi,E-tron,N/A,0
Audi,Q2,Sport,81
Audi,Q2,Serie,14
Audi,Q3,N/A,0
Audi,Q3 Sportback,N/A,0
Audi,Q5,N/A,0
Audi,Q7,N/A,0
Audi,Q8,N/A,0
Audi,Q8 E-Tron,N/A,0
Audi,Q8 E-Tron Sportback,N/A,0
Audi,RS Q3,N/A,0
Audi,Rs Q3 Sportback,N/A,0
Audi,Rs Q8,N/A,0
Audi,SQ5,N/A,0
Audi,q5 sportback,Advanced,9
Audi,q5 sportback,S-line,4
BAIC,BJ,N/A,0
BAIC,BJ40,N/A,0
BAIC,Bj30,N/A,0
BAIC,X25,N/A,0
BAIC,X35,Luxury,68
BAIC,X35,Confort,1
BAIC,X55,Elite,15
BAIC,X55,Plus,7
BMW,Serie 4,N/A,0
BMW,X1,Sportline,50
BMW,X1,Xline,49
BMW,X1,Active,41
BMW,X1,Executive,20
BMW,X1,Black Edition,2
BMW,X2,Sdrive20i Msportx,28
BMW,X2,Msport X,7
BMW,X2,Mpa,5
BMW,X2,Mperformance,3
BMW,X2,Sdrive20I Gp,2
BMW,X3,Executive,60
BMW,X3,Xline,35
BMW,X3,Mperformance,5
BMW,X3,Msport X,1
BMW,X4,Xline,41
BMW,X4,M Package,26
BMW,X4,Executive,1
BMW,X5,Executive,47
BMW,X5,M Package,11
BMW,X5,Premium,7
BMW,X5,Xline,1
BMW,X6,Sportive,45
BMW,X6,Extravagance,23
BMW,X6,M Package,8
BMW,X6,Premium,3
BMW,X7,Mperformance,1
BMW,X7,Xline,1
Chery,4,N/A,0
Chery,Tiggo,Confort,151
Chery,Tiggo,Luxury,39
Chery,Tiggo 2,Luxury,21
Chery,Tiggo 2,Confort,11
Chery,Tiggo 3,Confort,87
Chery,Tiggo 3,Luxury,47
Chery,Tiggo 4,Comfort,14
Chery,Tiggo 4 Pro,Luxury,37
Chery,Tiggo 4 Pro,Comfort,8
Chery,Tiggo 5,Luxury,24
Chery,Tiggo 5,Confort,20
Chery,Tiggo 8 Pro,N/A,0
Chevrolet,Blazer,Dlx,22
Chevrolet,Blazer,Tahoe Lt,1
Chevrolet,Captiva,Ls,72
Chevrolet,Captiva,Lt,70
Chevrolet,Captiva,Ltz,39
Chevrolet,Equinox,Lt,17
Chevrolet,GMC,N/A,0
Chevrolet,Grand Blazer,N/A,0
Chevrolet,Grand Vitara,N/A,0
Chevrolet,Montana,N/A,0
Chevrolet,Onix,N/A,0
Chevrolet,Spin,Ltz,4
Chevrolet,Spin,Lt,1
Chevrolet,Suburban,N/A,0
Chevrolet,Tracker,Lt,343
Chevrolet,Tracker,Rs,65
Chevrolet,Tracker,Ltz,1
Chevrolet,Trailblazer,High Country,73
Chevrolet,Trailblazer,Ltz,70
Chevrolet,Trailblazer,Lt,4
Chevrolet,Veraneio,N/A,0
Chrysler,Jeep,N/A,0
Citroën,Aircross,N/A,0
Citroën,C3,Feel Pack,3
Citroën,C3 Aircross,Shine,148
Citroën,C3 Aircross,Feel Pack,123
Citroën,C3 Aircross,Feel,1
Citroën,C3 Aircross,Exclusive,1
Citroën,C3 Aircross,Sx,1
Citroën,C4,N/A,0
Citroën,C4 Aircross,N/A,0
Citroën,C4 Cactus,Feel,239
Citroën,C4 Cactus,Shine,201
Citroën,C4 Cactus,Puretech,102
Citroën,C4 Cactus,Noir,8
Citroën,C4 Cactus,Live,7
Citroën,C4 Cactus,Rip Curl,5
Citroën,C4 Cactus,Feel Pack,4
Citroën,C4 Cactus,Origins,3
Citroën,C4 Picasso,N/A,0
Citroën,C5 Aircross,N/A,0
Citroën,DS4,N/A,0
Citroën,Xsara Picasso,N/A,0
Compass,S,N/A,0
Compass,Serie S,N/A,0
D.S.,3,N/A,0
D.S.,DS3,N/A,0
D.S.,DS3 Crossback,Puretech Be Chic,3
D.S.,DS7,N/A,0
D.S.,DS7 Crossback,N/A,0
DFSK,Glory,N/A,0
Dodge,N/A,N/A,0
Fiat,500,N/A,0
Fiat,500L,N/A,0
Fiat,500X,Pop,34
Fiat,500X,Cross,13
Fiat,Ecosport,N/A,0
Fiat,FASTBACK,N/A,0
Fiat,Idea,N/A,0
Fiat,Mobi,N/A,0
Fiat,Palio Weekend Adventure,N/A,0
Fiat,Pulse,Drive,91
Fiat,Pulse,Abarth,75
Fiat,Strada,N/A,0
Ford,Bronco,N/A,0
Ford,Bronco Sport,Big Bend,111
Ford,Bronco Sport,Badlands,28
Ford,Bronco Sport,Wildtrak,9
Ford,Ecosport,Se,731
Ford,Ecosport,Titanium,607
Ford,Ecosport,Freestyle,354
Ford,Ecosport,Xls,233
Ford,Ecosport,S,174
Ford,Ecosport,Xl,128
Ford,Ecosport,Xlt,79
Ford,Ecosport,My10 Xls,20
Ford,Ecosport,Xls Mp3,17
Ford,Ecosport 2,N/A,0
Ford,Escape,Xls,3
Ford,Escape,Xlt,1
Ford,Escort,N/A,0
Ford,Everest,N/A,0
Ford,Excursion,N/A,0
Ford,Expedition,N/A,0
Ford,Explorer,N/A,0
Ford,Fiesta,Ambiente,1
Ford,Focus 2,N/A,0
Ford,Ka,N/A,0
Ford,Kuga,Titanium,123
Ford,Kuga,Trend,35
Ford,Kuga,Sel,22
Ford,Kuga,Se,15
Ford,Kuga,Platinum,2
Ford,Mustang,N/A,0
Ford,S-Max,N/A,0
Ford,Territory,Titanium,263
Ford,Territory,Sel,61
GWM,H1,N/A,0
GWM,H6,Dignity,3
GWM,Haval,N/A,0
GWM,Jolion,N/A,0
Geely,Emgrand GS,N/A,0
Geely,Emgrand X7 Sport,Gt,6
Geely,Emgrand X7 Sport,Gl,5
Geely,Emgrand X7 Sport,Gs,3
Honda,CR-V,Lx,183
Honda,CR-V,Ex,69
Honda,CR-V,Ex-l,16
Honda,CR-V,Si,16
Honda,CR-V,I,11
Honda,CR-V,Advanced,5
Honda,CR-V,Active,5
Honda,CRV,N/A,0
Honda,Civic,N/A,0
Honda,HR-V,Ex-l,181
Honda,HR-V,Ex,143
Honda,HR-V,Lx,108
Honda,Passport,Ex,2
Honda,Passport,Lx,1
Honda,Pilot,N/A,0
Honda,WR-V,N/A,0
Hummer,H2,N/A,0
Hummer,H3,N/A,0
Hyundai,Creta,Safety,43
Hyundai,Creta,Gl,23
Hyundai,Creta,Style,3
Hyundai,Galloper,Exd,8
Hyundai,Grand Santa Fé,N/A,0
Hyundai,Kona,Safety,8
Hyundai,Kona,Ultimate,3
Hyundai,Kona,Style,1
Hyundai,Santa Fe,Gls Premium,40
Hyundai,Santa Fe,Premium,19
Hyundai,Santa Fe,Gls,15
Hyundai,Santamo,N/A,0
Hyundai,Terracan,N/A,0
Hyundai,Tucson,Gl,59
Hyundai,Tucson,Style,24
Hyundai,Tucson,Premium,16
Hyundai,Tucson,Gls,15
Hyundai,Tucson,Gls Premium,10
Hyundai,Tucson,Ultimate,7
Hyundai,Tucson,Safety,5
Hyundai,Veracruz,N/A,0
Isuzu,Amigo,Xs,2
Isuzu,Rodeo,Ls,1
Isuzu,Rodeo,Xs,1
Isuzu,Trooper,Ls,5
Isuzu,Trooper,Scout,2
Isuzu,Trooper,Hard Top,1
Isuzu,Vehicross,N/A,0
JAC,Js4,N/A,0
JAC,S2,Intelligent,22
JAC,S2,Luxury,1
JAC,S3,N/A,0
JAC,S5,N/A,0
JAC,S8,N/A,0
JAC,S8 Pro,Luxury,7
Jaguar,N/A,N/A,0
Jeep,Cherokee,Sport,28
Jeep,Cherokee,Limited,15
Jeep,Cherokee,Classic,10
Jeep,Cherokee,Trailhawk,2
Jeep,Cherokee,Se,1
Jeep,Commander,Limited,112
Jeep,Commander,Overland,31
Jeep,Compass,Sport,318
Jeep,Compass,Limited,289
Jeep,Compass,Longitude,180
Jeep,Compass,Trailhawk,49
Jeep,Compass,Longitude Plus,25
Jeep,Compass,Limited Plus,1
Jeep,Gladiator,Rubicon,3
Jeep,Gladiator,Overland,1
Jeep,Grand Cherokee,Limited,114
Jeep,Grand Cherokee,Overland,68
Jeep,Grand Cherokee,Srt,32
Jeep,Grand Cherokee,Laredo,15
Jeep,Patriot,N/A,0
Jeep,Rampage,N/A,0
Jeep,Renegade,Sport,925
Jeep,Renegade,Longitude,217
Jeep,Renegade,Trailhawk,73
Jeep,Renegade,Sport Wild,1
Jeep,Willys,N/A,0
Jeep,Wrangler,Sport,46
Jeep,Wrangler,Rubicon,29
Jeep,Wrangler,Unlimited,18
Jeep,Wrangler,Unlimited Rubicon,9
Jeep,Wrangler,Hard Top,3
Jeep,Wrangler,Unlimited Sahara,3
Jeep,Wrangler,Soft Top,2
Jetour,Dashing,N/A,0
Jetour,X70,Luxury,5
Kia,Carens,N/A,0
Kia,Grand Sportage,N/A,0
Kia,Mohave,N/A,0
Kia,Seltos,Lx,19
Kia,Seltos,Ex,4
Kia,Sorento,Ex,89
Kia,Soul,Ex,37
Kia,Soul,Pop,6
Kia,Soul,Rock,5
Kia,Soul,Classic,5
Kia,Sportage,Ex,113
Kia,Sportage,X-line,10
Kia,Sportage,Ex Gt-line,7
Kia,Sportage,Ex Premium,3
Lamborghini,Urus,N/A,0
Land Rover,Defender,N/A,0
Land Rover,Discovery,Sport,9
Land Rover,Discovery,Es,4
Land Rover,Discovery,Hse,4
Land Rover,Discovery,Sd,1
Land Rover,Discovery 3,N/A,0
Land Rover,Discovery sport,N/A,0
Land Rover,Evoque,Prestige,9
Land Rover,Evoque,Hse,8
Land Rover,Evoque,Pure,5
Land Rover,Evoque,Se,4
Land Rover,Evoque,Se R-dynamic,2
Land Rover,Freelander,Xedi,3
Land Rover,Freelander,Hse,2
Land Rover,Freelander,Se,2
Land Rover,Freelander,S,1
Land Rover,Freelander 2,Hse,2
Land Rover,Range Rover,Vogue,2
Land Rover,Range Rover,Se,2
Land Rover,Range Rover,Sport,1
Land Rover,Range Rover,Hse,1
Land Rover,Range Rover Evoque,N/A,0
Land Rover,Range Rover Sport,Hse,9
Land Rover,Range Rover Sport,Autobiography,1
Land Rover,Range Rover Velar,N/A,0
Lexus,GS,N/A,0
Lexus,NX,N/A,0
Lexus,RX,Luxury,3
Lexus,RX,Sport,1
Lexus,UX,N/A,0
Lifan,Myway,N/A,0
Lifan,X50,N/A,0
Lifan,X60,N/A,0
Lifan,X70,N/A,0
Maserati,N/A,N/A,0
Mercedes-Benz,250,N/A,0
Mercedes-Benz,300,N/A,0
Mercedes-Benz,Clase B,Urban,1
Mercedes-Benz,Clase E,N/A,0
Mercedes-Benz,Clase G,N/A,0
Mercedes-Benz,Clase GL,N/A,0
Mercedes-Benz,Clase GLA,Urban,51
Mercedes-Benz,Clase GLA,Amg,35
Mercedes-Benz,Clase GLA,Progressive,14
Mercedes-Benz,Clase GLA,Sport,6
Mercedes-Benz,Clase GLB,Progressive,28
Mercedes-Benz,Clase GLB,Advance,18
Mercedes-Benz,Clase GLC,N/A,0
Mercedes-Benz,Clase GLE,Sport,33
Mercedes-Benz,Clase GLE,Amg-line,10
Mercedes-Benz,Clase GLE,Amg,4
Mercedes-Benz,Clase GLK,City,15
Mercedes-Benz,Clase GLK,Sport,10
Mercedes-Benz,Clase GLS,N/A,0
Mercedes-Benz,Clase ML,Sport,13
Mercedes-Benz,Clase ML,Luxury,4
Mercedes-Benz,Clase ML,Amg,3
Mercedes-Benz,GLC,N/A,0
Mercedes-Benz,GLE,N/A,0
Mercedes-Benz,ML,Sport,4
Mercedes-Benz,ML,Luxury,1
Mini,Cooper,N/A,0
Mini,Cooper Countryman,N/A,0
Mini,Countryman,Classic,1
Mitsubishi,Montero,Gls,18
Mitsubishi,Montero,Glx,4
Mitsubishi,Montero,Metal Top,2
Mitsubishi,Montero,Gls Metal Top,1
Mitsubishi,Nativa,Ls,3
Mitsubishi,Nativa,Glx,2
Mitsubishi,Nativa,Gls,1
Mitsubishi,Outlander,N/A,0
Nissan,Kicks,Advance,203
Nissan,Kicks,Exclusive,200
Nissan,Kicks,Exclusive Bt,27
Nissan,Kicks,Special Edition,4
Nissan,Kicks,Advance Ucl,2
Nissan,Murano,Exclusive,9
Nissan,Pathfinder,Se,10
Nissan,Pathfinder,Se Wide Luxury,1
Nissan,Pathfinder,Le,1
Nissan,Patrol,N/A,0
Nissan,Terrano II,N/A,0
Nissan,X-Terra,N/A,0
Nissan,X-Trail,Exclusive,51
Nissan,X-Trail,Tekna,10
Nissan,X-Trail,Acenta,7
Nissan,X-Trail,Visia,6
Peugeot,2008,Allure,361
Peugeot,2008,Feline,317
Peugeot,2008,Sport,253
Peugeot,2008,Gt,249
Peugeot,2008,Active,211
Peugeot,2008,Crossway,17
Peugeot,2008,In Concert,13
Peugeot,2008,Allure Pack,1
Peugeot,207,N/A,0
Peugeot,3008,Gt-line,109
Peugeot,3008,Allure,3
Peugeot,3008,Feline,3
Peugeot,4008,Allure,4
Peugeot,4008,Feline,4
Peugeot,5008,Allure,3
Peugeot,Partner,Presence,1
Porsche,Cayenne,N/A,0
Porsche,Cayenne S,N/A,0
Porsche,Cayenne Turbo,N/A,0
Porsche,Macan,N/A,0
Porsche,Panamera,N/A,0
Renault,Captur,Intens,249
Renault,Captur,Zen,104
Renault,Captur,Life,45
Renault,Captur,[Bose],15
Renault,Duster,Privilege,390
Renault,Duster,Confort,201
Renault,Duster,Dynamique,188
Renault,Duster,Expression,104
Renault,Duster,Iconic,97
Renault,Duster,Tech Road,45
Renault,Duster,Intens,25
Renault,Duster,Los Pumas,6
Renault,Duster,Dakar,5
Renault,Duster Oroch,Dynamique,133
Renault,Duster Oroch,Outsider,124
Renault,Duster Oroch,Privilege,50
Renault,Kangoo,N/A,0
Renault,Koleos,Intens,60
Renault,Koleos,Expression,25
Renault,Koleos,Privilege,23
Renault,Koleos,Dynamique,23
Renault,Koleos,Zen,2
Renault,Kwid,Intense,1
Renault,Megane,N/A,0
Renault,Oroch,Iconic,40
Renault,Oroch,Outsider,17
Renault,Oroch,Emotion,16
Renault,Privilége,N/A,0
Renault,Sandero,N/A,0
Renault,Sandero Stepway,Privilege,2
Renault,Sandero Stepway,Intense,2
Renault,Sandero Stepway,Zen,1
Renault,Sandero Stepway,Confort,1
Renault,Scénic,N/A,0
Renault,Stepway,N/A,0
Renegade,Renegade,N/A,0
Renegade,Serie S,N/A,0
Renegade,Sport,N/A,0
Shineray,SWM X7,N/A,0
SsangYong,Actyon,N/A,0
SsangYong,Korando,N/A,0
SsangYong,Musso,El,3
Subaru,Cross Trek,N/A,0
Subaru,Forester,Sport,8
Subaru,Forester,Xt,5
Subaru,Forester,X,4
Subaru,Forester,Limited,2
Subaru,Forester,Xs,2
Subaru,Forester,Limited Sport Eyesight,2
Subaru,Outback,Limited,4
Subaru,Outback,Un,2
Subaru,Outback,Xs,1
Subaru,Outback,R,1
Subaru,Tribeca,N/A,0
Suzuki,Grand Vitara,Jiii,21
Suzuki,Grand Vitara,Xl-7,7
Suzuki,Grand Vitara,Jlx-l,1
Suzuki,Grand Vitara,Jlx,1
Suzuki,Jimny,Glx,9
Suzuki,Jimny,Jlx,4
Suzuki,Jimny,Gl,2
Suzuki,Marutti,N/A,0
Suzuki,Samurai,N/A,0
Suzuki,Swift,N/A,0
Suzuki,Vitara,Jlx,15
Suzuki,Vitara,Glx,4
Suzuki,Vitara,Gl,3
Suzuki,Vitara,Sport,1
Toyota,4Runner,L,3
Toyota,CH-R,N/A,0
Toyota,Corolla,N/A,0
Toyota,Corolla Cross,Seg,273
Toyota,Corolla Cross,Xei,202
Toyota,Corolla Cross,Xli,100
Toyota,Corolla Cross,Grs,11
Toyota,Corolla Cross,Gr-Sport,7
Toyota,Hilux,N/A,0
Toyota,Hilux SW4,Srx,177
Toyota,Hilux SW4,Srv,118
Toyota,Hilux SW4,Gr-s,16
Toyota,Hilux SW4,Sr,10
Toyota,Hilux SW4,Runner,8
Toyota,Hilux SW4,Wide Body,3
Toyota,Hilux SW4,Diamond,1
Toyota,Land Cruiser,Vx,28
Toyota,Land Cruiser,Prado,7
Toyota,Land Cruiser,Txl,6
Toyota,RAV4,Vx,58
Toyota,SW4,Srx,171
Toyota,SW4,Gr-s,20
Toyota,SW4,Diamond,9
Toyota,SW4,Srv,9
Toyota,SW4,Sr,6
Toyota,SW4,Runner,2
Toyota,SW4,S,1
Volkswagen,Crossfox,N/A,0
Volkswagen,Fox,N/A,0
Volkswagen,Nivus,Comfortline,221
Volkswagen,Nivus,Highline,149
Volkswagen,Nivus,Trendline,68
Volkswagen,Nivus,Hero,11
Volkswagen,Passat,N/A,0
Volkswagen,Polo,N/A,0
Volkswagen,Suran,Highline,9
Volkswagen,Suran,Trendline,3
Volkswagen,Suran,Comfortline,2
Volkswagen,Suran,Track,2
Volkswagen,Suran Cross,N/A,0
Volkswagen,T-Cross,Highline,183
Volkswagen,T-Cross,Trendline,178
Volkswagen,T-Cross,Comfortline,173
Volkswagen,T-Cross,Tsi,81
Volkswagen,Taos,Highline,455
Volkswagen,Taos,Comfortline,369
Volkswagen,Taos,Hero,22
Volkswagen,Tiguan,Sport,37
Volkswagen,Tiguan,Premium,28
Volkswagen,Tiguan,Exclusive,24
Volkswagen,Tiguan,Elegance,12
Volkswagen,Tiguan Allspace,Trendline,140
Volkswagen,Tiguan Allspace,Life,96
Volkswagen,Tiguan Allspace,Highline,29
Volkswagen,Tiguan Allspace,Comfortline,28
Volkswagen,Touareg,Premium,10
Volkswagen,Touareg,Elegance,7
Volkswagen,Touareg,Style,4
Volkswagen,Vento,N/A,0
Volvo,C40,N/A,0
Volvo,EX30,N/A,0
Volvo,XC40,R-design,2
Volvo,XC40,Plus,2
Volvo,XC40,Momentum,1
Volvo,XC60,Momentum,10
Volvo,XC60,High,8
Volvo,XC60,Luxury,4
Volvo,XC60,High Plus,3
Volvo,XC60,Comfort,2
Volvo,XC60,Plus,1
Volvo,XC70,N/A,0
Volvo,XC90,R-design,3
Volvo,XC90,Luxury,2
Volvo,XC90,Momentum,1
