Marca,Modelo,Version,VersionYear,Carroceria,Segmento,Propulsion,Transmision,Potencia,Cilindrada,Origen,Garantia,Moneda,Importe
BMW,X4,xDrive 30i MSport,2024,SUV,D,nafta,Automática,252 cv,2.0L,Alemania,3 años ó 200.000 km,USD,106900
Alfa Romeo,Stelvio,Distinctive Q4 2.0 Aut,2025,SUV,D,nafta,Automática,200 cv,2.0L,Italia,5 años ó 100.000 km,USD,79800
Alfa Romeo,Stelvio,Quadrifoglio,2025,SUV,D,nafta,Automática,510 cv,3.0L,Italia,5 años ó 100.000 km,USD,298000
Alfa Romeo,Stelvio,Veloce Q4 2.0 Aut 280Cv,2025,SUV,D,nafta,Automática,280 cv,2.0L,Italia,5 años ó 100.000 km,USD,99800
Audi,Q2,35 T FSI Sport,2025,SUV,B,nafta,Automática,150 cv,1.4L,Alemania,No disponible,USD,51618
Audi,Q2,40 T FSI Sport,2025,SUV,B,nafta,Automática,150 cv,1.4L,Alemania,No disponible,USD,57872
Audi,Q3 Sportback,35 T FSI,2025,SUV,C,nafta,Manual,150 cv,1.4L,España,3 años ó 90.000 km,USD,56670
Audi,Q3 Sportback,40 T FSI S Line Quattro,2025,SUV,C,nafta,Manual,150 cv,1.4L,España,3 años ó 90.000 km,USD,70239
Audi,Q3 Sportback,40 T FSI,2025,SUV,C,nafta,Manual,150 cv,1.4L,España,3 años ó 90.000 km,USD,61392
Audi,Q3,35 T FSI,2025,SUV,C,nafta,Manual,150 cv,1.4L,España,No disponible,USD,54999
Audi,Q3,40 T FSI Quattro,2025,SUV,C,nafta,Automática,180 cv,2.0L,España,No disponible,USD,61475
Audi,Q5 Sportback,45 TFSI Advanced,2025,SUV,D,nafta,Automática,250 cv,2.0L,Alemania,No disponible,USD,77171
Audi,Q5 Sportback,45 TFSI Premium Black,2025,SUV,D,nafta,Automática,250 cv,2.0L,Alemania,No disponible,USD,106660
Audi,Q5 Sportback,45 TFSI S line,2025,SUV,D,nafta,Automática,250 cv,2.0L,Alemania,No disponible,USD,96358
Audi,Q5,45 TFSI Advanced,2025,SUV,D,nafta,Automática,252 cv,2.0L,Alemania,No disponible,USD,75518
Audi,Q7,45 TDi S-Line Quattro,2025,SUV,F,diesel,Automática,249 cv,3.0L,Alemania,No disponible,USD,149482
Audi,Q8 e-tron Sportback,55 TFSI quattro,2025,SUV,F,eléctrico,Automática,N/D cv,,Alemania,No disponible,USD,204318
Audi,Q8 e-tron,55 TFSI quattro,2025,SUV,F,N/D,Automática,,,Alemania,No disponible,USD,195940
Audi,Q8,55 TFSI quattro,2025,SUV,F,nafta,Automática,340 cv,3.0L,Alemania,No disponible,USD,159223
BMW,iX2,xDrive30 MSport,2025,SUV,C,N/D,Automática,,,Alemania,3 años ó 200.000 km,USD,96900
BMW,X1,Black Edition 20i,2025,SUV,C,nafta,Automática,204 cv,2.0L,Alemania,3 años ó 200.000 km,USD,77900
BMW,X1,sDrive 18i xLine,2025,SUV,C,nafta,Automática,204 cv,2.0L,Alemania,3 años ó 200.000 km,USD,62900
BMW,X1,xDrive 20i xLine,2025,SUV,C,nafta,Automática,204 cv,2.0L,Alemania,3 años ó 200.000 km,USD,77900
BMW,X1,xDrive 25e xLine,2025,SUV,C,N/D,Automática,,,Alemania,3 años ó 200.000 km,USD,89900
BMW,X2,xDrive20i MSport,2025,SUV,C,nafta,Automática,204 cv,2.0L,Alemania,3 años ó 200.000 km,USD,79900
BMW,X3,xDrive 20i,2025,SUV,D,nafta,Automática,208 cv,2.0L,Alemania,3 años ó 200.000 km,USD,91900
BMW,X3,xDrive M50i,2025,SUV,D,nafta,Automática,398 cv,3.0L,Alemania,3 años ó 200.000 km,USD,137900
BMW,X5,xDrive40i M Sport Pro,2025,SUV,E,nafta-eléctrico,Automática,381 cv,3.0L,Estados Unidos,3 años ó 200.000 km,USD,179900
BMW,X6 M,626Cv,2025,SUV,E,nafta,Automática,575 cv,4.4L,Alemania,3 años ó 200.000 km,USD,264900
BMW,X6,xDrive40i MSportPro,2025,SUV,E,nafta,Automática,375 cv,3.0L,Estados Unidos,3 años ó 200.000 km,USD,189900
BMW,X7,M Performance,2025,SUV,E,nafta,Automática,530 cv,4.4L,Estados Unidos,3 años ó 200.000 km,USD,259900
Chery,Tiggo 4 Pro,1.5 Comfort CVT,2025,SUV,C,nafta,Automática,113 cv,1.5L,China,5 años ó 100.000 km,USD,25990
Chery,Tiggo 4 Pro,1.5 Luxury CVT,2025,SUV,C,nafta,Automática,147 cv,1.5L,China,5 años ó 100.000 km,USD,29500
Chevrolet,Tracker,1.2 Turbo Aut LTZ,2025,SUV,B,nafta,Automática,132 cv,1.2L,Brasil,3 años,ARS,34662900
Chevrolet,Tracker,1.2 Turbo Aut Premier,2025,SUV,B,nafta,Automática,132 cv,1.2L,Brasil,3 años,ARS,37808900
Chevrolet,Tracker,1.2 Turbo Aut RS,2025,SUV,B,nafta,Automática,132 cv,1.2L,Brasil,3 años ó 100.000 km,ARS,35549900
Chevrolet,Tracker,1.2 Turbo Aut,2025,SUV,B,nafta,Automática,132 cv,1.2L,Brasil,3 años,ARS,30192900
Chevrolet,Tracker,1.2 Turbo,2025,SUV,B,nafta,Manual,132 cv,1.2L,Brasil,3 años,ARS,28768900
Chevrolet,Trailblazer,High Country 4x4 Aut,2025,SUV,D,diesel,Automática,207 cv,2.8L,Brasil,5 años ó 150.000 km,ARS,67175900
Citroën,Basalt,Feel,2025,SUV,B,nafta,Manual,115 cv,1.6L,Brasil,3 años ó 100.000 km,ARS,26400000
Citroën,Basalt,First Edition,2025,SUV,B,nafta,Automática,125 cv,1.0L,Brasil,3 años ó 100.000 km,ARS,30500000
Citroën,Basalt,Live,2025,SUV,B,nafta,Manual,115 cv,1.6L,Brasil,3 años ó 100.000 km,ARS,24800000
Citroën,Basalt,Shine,2025,SUV,B,nafta,Automática,125 cv,1.0L,Brasil,3 años ó 100.000 km,ARS,30160000
Citroën,C3 Aircross,T200 Shine,2025,SUV,B,nafta,Automática,120 cv,1.0L,Brasil,3 años ó 100.000 km,ARS,32290000
Citroën,C3 Aircross,VTi Feel 7 Plazas,2025,SUV,B,nafta,Manual,115 cv,1.5L,Brasil,3 años ó 100.000 km,ARS,31420000
Citroën,C3 Aircross,VTi Feel Pack,2025,SUV,B,nafta,Manual,115 cv,1.5L,Brasil,3 años ó 100.000 km,ARS,31170000
Citroën,C3 Aircross,VTi Live,2025,SUV,B,nafta,Manual,115 cv,1.5L,Brasil,3 años ó 100.000 km,ARS,28520000
Citroën,C3 Aircross,VTi Shine 7 Plazas,2025,SUV,B,nafta,Automática,115 cv,1.6L,Brasil,3 años ó 100.000 km,ARS,33740000
Citroën,C4 Cactus,THP Shine Aut,2025,SUV,B,nafta,Automática,165 cv,1.6L,Brasil,3 años ó 100.000 km,ARS,33070000
Citroën,C4 Cactus,Vti 115 Feel Plus Aut,2025,SUV,B,nafta,Automática,115 cv,1.6L,Brasil,3 años ó 100.000 km,ARS,30030000
Citroën,C5 Aircross,THP 1.6 Turbo,2025,SUV,C,nafta,Automática,165 cv,1.6L,Francia,3 años ó 100.000 km,ARS,50910000
DS,7 E-Tense,4X4,2025,SUV,C,nafta-eléctrico,Automática,200 cv,1.6L,Francia,3 años ó 100.000 km,ARS,86520000
FIAT,Fastback Abarth,T270 1.3L GSE,2025,SUV,C,nafta,Automática,175 cv,1.3L,Brasil,3 años ó 100.000 km,ARS,39058000
FIAT,Fastback,Turbo 1.3L GSE,2025,SUV,C,nafta,Automática,175 cv,1.3L,Brasil,3 años ó 100.000 km,ARS,35581000
FIAT,Pulse Abarth,1.3L Turbo,2025,SUV,B,nafta,Automática,175 cv,1.3L,Brasil,3 años ó 100.000 km,ARS,34919000
FIAT,Pulse,1.3 Drive CVT,2025,SUV,B,nafta,Automática,99 cv,1.3L,Brasil,3 años ó 100.000 km,ARS,29496000
FIAT,Pulse,1.3 Drive,2025,SUV,B,nafta,Manual,99 cv,1.3L,Brasil,3 años ó 100.000 km,ARS,28318000
FIAT,Pulse,Audace 1.0 CVT,2025,SUV,B,nafta,Automática,120 cv,1.0L,Brasil,3 años ó 100.000 km,ARS,31873000
FIAT,Pulse,Impetus 1.0 CVT,2025,SUV,B,nafta,Automática,120 cv,1.0L,Brasil,3 años ó 100.000 km,ARS,32972000
Ford,Bronco Sport,Badlands 2.0L,2025,SUV,C,nafta,Automática,253 cv,2.0L,México,3 años ó 100.000 km,ARS,57802000
Ford,Bronco Sport,Big Bend 1.5L,2025,SUV,C,nafta,Automática,184 cv,1.5L,México,3 años ó 100.000 km,ARS,51919500
Ford,Bronco,Badlands,2025,SUV,C,nafta,Automática,334 cv,2.7L,Estados Unidos,3 años ó 100.000 km,ARS,121076600
Ford,Kuga Híbrida,Platinum,2025,SUV,C,nafta-eléctrico,Automática,165 cv,2.5L,Estados Unidos,3 años ó 100.000 km,ARS,68767000
Ford,Mustang Mach-E,GT Performance,2025,SUV,C,eléctrico,Automática,130 cv,,Estados Unidos,3 años ó 100.000 km,ARS,110880600
Ford,Territory,SEL,2025,SUV,D,nafta,Automática,185 cv,1.8L,China,3 años ó 100.000 km,ARS,41700000
Ford,Territory,Titanium,2025,SUV,D,nafta,Automática,185 cv,1.8L,China,3 años ó 100.000 km,ARS,48600000
Haval,H6GT,4x4,2025,SUV,D,nafta,Automática,201 cv,2.0L,China,3 años ó 100.000 km,USD,48037
Haval,H6,2.0T Aut 4x4,2025,SUV,D,nafta,Automática,201 cv,2.0L,China,3 años ó 100.000 km,ARS,43560
Haval,H6,2.0T Aut,2025,SUV,D,nafta,Automática,201 cv,2.0L,China,3 años ó 100.000 km,ARS,39386
Haval,Jolion,1.5T Supreme,2025,SUV,C,nafta,Automática,141 cv,1.5L,China,No disponible,USD,34000
Honda,CR-V Hybrid,2.0L,2025,SUV,C,nafta-eléctrico,Automática,148 cv,2.0L,Tailandia,3 años ó 100.000 km,USD,74900
Honda,CR-V,EX 4x2,2025,SUV,C,nafta,Automática,191 cv,1.5L,México,3 años ó 100.000 km,USD,59500
Honda,CR-V,EXL 4x4,2025,SUV,C,nafta,Automática,191 cv,1.5L,México,3 años ó 100.000 km,USD,70800
Honda,HR-V,EX-L CVT,2025,SUV,B,nafta,Automática,121 cv,1.5L,Brasil,3 años ó 100.000 km,USD,39550
Honda,HR-V,LX CVT,2025,SUV,B,nafta,Automática,121 cv,1.5L,Brasil,3 años ó 100.000 km,USD,35235
Honda,ZR-V,Touring,2025,SUV,C,nafta,Automática,157 cv,2.0L,México,3 años ó 100.000 km,USD,45630
Hyundai,Creta,Safety +,2025,SUV,B,nafta,Automática,115 cv,1.5L,India,3 años ó 100.000 km,USD,35000
Hyundai,Tucson,Safety 2.0 Aut,2025,SUV,C,nafta,Automática,156 cv,2.0L,Corea,3 años ó 100.000 km,USD,48000
Hyundai,Tucson,Ultimate 1.6T DCT 4x4,2025,SUV,C,nafta,Automática,180 cv,1.6L,Corea,3 años ó 100.000 km,USD,58000
JAC,JS4,Flagship,2025,SUV,B,nafta,Automática,147 cv,1.5L,China,7 años o 150.000 km,USD,29500
JAC,JS4,Luxury,2025,SUV,B,nafta,Automática,147 cv,1.5L,China,7 años o 150.000 km,USD,27500
JAC,JS8 Pro,1.5T GDi,2025,SUV,B,nafta,Automática,182 cv,1.5L,China,7 años o 150.000 km,USD,38900
JAC,S2,Intelligent,2025,SUV,B,nafta,Manual,105 cv,1.5L,China,7 años o 150.000 km,USD,19900
JAC,S2,Luxury,2025,SUV,B,nafta,Manual,105 cv,1.5L,China,7 años o 150.000 km,USD,21900
Jeep,Commander,1.3L Limited T270,2025,SUV,D,nafta,Automática,175 cv,1.3L,Brasil,3 años ó 100.000 km,USD,47900
Jeep,Commander,2.0L Overland TD380,2025,SUV,D,diesel,Automática,170 cv,2.0L,Brasil,3 años ó 100.000 km,USD,58200
Jeep,Commander,Blackhawk,2025,SUV,D,diesel,Automática,170 cv,2.0L,Brasil,3 años ó 100.000 km,USD,58700
Jeep,Compass,1.3 4x2 Limited,2025,SUV,C,nafta,Automática,175 cv,1.3L,Brasil,3 años ó 100.000 km,USD,41700
Jeep,Compass,1.3 4x2 Serie S,2025,SUV,C,nafta,Automática,175 cv,1.3L,Brasil,3 años ó 100.000 km,USD,42100
Jeep,Compass,1.3 4x2 Sport,2025,SUV,C,nafta,Automática,175 cv,1.3L,Brasil,3 años ó 100.000 km,USD,38600
Jeep,Compass,Blackhawk,2025,SUV,C,nafta,Automática,272 cv,2.0L,Brasil,3 años ó 100.000 km,USD,51000
Jeep,Grand Cherokee,Limited,2025,SUV,E,nafta,Automática,293 cv,3.6L,Estados Unidos,3 años ó 100.000 km,USD,133700
Jeep,Renegade,Longitude Aut,2025,SUV,B,nafta,Automática,175 cv,1.3L,Brasil,3 años ó 100.000 km,USD,35600
Jeep,Renegade,Serie-S Aut,2025,SUV,B,nafta,Automática,175 cv,1.3L,Brasil,3 años ó 100.000 km,USD,36400
Jeep,Renegade,Sport Aut,2025,SUV,B,nafta,Automática,130 cv,1.8L,Brasil,3 años ó 100.000 km,USD,32200
Jeep,Renegade,Willys,2025,SUV,B,nafta,Automática,175 cv,1.3L,Brasil,3 años ó 100.000 km,USD,40100
Jeep,Wrangler,Rubicon 2P,2025,SUV,C,nafta,Automática,27 cv,2.0L,Estados Unidos,3 años ó 100.000 km,USD,119900
Jeep,Wrangler,Rubicon 4P,2025,SUV,C,nafta,Automática,27 cv,2.0L,Estados Unidos,3 años ó 100.000 km,USD,126800
Jetour,X70,1.5T Aut,2025,SUV,D,nafta,Automática,147 cv,1.5L,China,3 años ó 100.000 km,USD,33500
Kaiyi,X3,1.5L Aut,2025,SUV,C,nafta,Automática,116 cv,1.5L,China,5 años ó 100.000 km,ARS,29900000
KIA,Seltos,LX 1.6 Aut,2025,SUV,B,nafta,Automática,113 cv,1.5L,India,5 años ó 100.000 km,USD,36000
KIA,Sorento,EX 2.2 CRDi 4x4 Aut,2025,SUV,D,diesel,Automática,202 cv,2.2L,Corea,5 años ó 100.000 km,USD,120000
KIA,Sportage,EX 4x2,2025,SUV,C,nafta,Automática,178 cv,1.6L,Corea,5 años ó 100.000 km,USD,50000
Land Rover,Discovery,HSE V6 3.0 TDi,2025,SUV,E,diesel,Automática,258 cv,3.0L,Gran Bretaña,No disponible,USD,197000
Land Rover,Range Rover Evoque,5P 2.0 SE R-Dynamic,2025,SUV,C,nafta,Automática,221 cv,2.0L,Gran Bretaña,No disponible,USD,149900
Land Rover,Range Rover Evoque,5P 2.0 SE,2025,SUV,C,nafta,Automática,300 cv,2.0L,Gran Bretaña,No disponible,USD,129900
Land Rover,Range Rover Velar,2.0 S,2025,SUV,E,nafta,Automática,250 cv,2.0L,Gran Bretaña,2 años,USD,195000
Land Rover,Range Rover,Vogue SE SDV8,2025,SUV,F,diesel,Automática,340 cv,4.4L,Gran Bretaña,2 años,USD,312900
Land Rover,Range Rover,Vogue SE V8,2025,SUV,F,diesel,Automática,525 cv,5.0L,Gran Bretaña,2 años,USD,329900
Lexus,GX,550 Luxury,2025,SUV,D,nafta-eléctrico,Automática,353 cv,3.5L,Japón,5 años ó 150.000 km,USD,198350
Lexus,LBX,Active,2025,SUV,B,nafta-eléctrico,Automática,136 cv,1.5L,Japón,5 años ó 150.000 km,USD,52800
Lexus,LX,600 Urban,2025,SUV,E,nafta,Automática,415 cv,3.5L,Japón,5 años ó 150.000 km,USD,237460
Lexus,NX,350 F-Sport,2025,SUV,D,nafta,Automática,278 cv,2.4L,Japón,5 años ó 150.000 km,USD,88700
Lexus,NX,350h Luxury,2025,SUV,D,nafta-eléctrico,Automática,242 cv,2.5L,Japón,5 años ó 150.000 km,USD,90000
Lexus,NX,450h+,2025,SUV,D,nafta-eléctrico,Automática,N/D cv,2.4L,Japón,5 años ó 150.000 km,USD,156550
Lexus,RX,350 F-Sport,2025,SUV,E,nafta,Automática,300 cv,3.5L,Japón,5 años ó 150.000 km,USD,107900
Lexus,RX,450h+ Luxury,2025,SUV,E,nafta-eléctrico,Automática,N/D cv,2.5L,Japón,5 años ó 150.000 km,USD,166400
Lexus,RX,500h F-Sport,2025,SUV,E,nafta-eléctrico,Automática,300 cv,3.5L,Japón,5 años ó 150.000 km,USD,142700
Lexus,UX,250h,2025,SUV,C,nafta-eléctrico,Automática,152 cv,2.0L,Japón,5 años ó 150.000 km,USD,55600
Mercedes,Clase GLA,200 Progressive Aut,2025,SUV,C,nafta,Automática,163 cv,1.3L,Alemania,3 años,USD,65000
Mercedes,Clase GLA,250 Urban 4Matic AMG Line,2025,SUV,C,nafta,Automática,224 cv,2.0L,Alemania,3 años,USD,76700
Mercedes,Clase GLB,200 Advance Aut,2025,SUV,C,nafta,Automática,163 cv,1.3L,Alemania,3 años,USD,66400
Mercedes,Clase GLB,250 Progressive 4Matic,2025,SUV,C,nafta,Automática,224 cv,2.0L,Alemania,3 años,USD,76700
Mercedes,Clase GLC,200 4Matic Avantgarde,2025,SUV,D,nafta-eléctrico,Automática,204 cv,2.0L,No disponible,3 años,USD,105000
Mercedes,Clase GLC,300 4Matic MHEV,2025,SUV,D,nafta,Automática,258 cv,2.0L,No disponible,3 años,USD,119900
Mercedes,Clase GLC,Coupé 300 4Matic,2025,SUV,D,nafta,Automática,258 cv,2.0L,No disponible,3 años,USD,140000
Mercedes,Clase GLE AMG,AMG 53 S Coupé,2025,SUV,E,nafta,Automática,435 cv,3.0L,No disponible,No disponible,USD,240000
Mercedes,Clase GLE,450 4MATIC,2025,SUV,E,nafta,Automática,367 cv,3.0L,No disponible,No disponible,USD,205000
Mercedes,EQA,350 4MATIC,2025,SUV,C,eléctrico,Automática,292 cv,,Alemania,3 años,USD,102000
Mercedes,EQE,500 4MATIC AMG Line,2025,SUV,C,eléctrico,Automática,408 cv,,Alemania,3 años,USD,199900
MINI,Cooper Countryman,C Classic,2025,SUV,B,nafta,Automática,136 cv,1.5L,Gran Bretaña,3 años ó 200.000 km,USD,54900
MINI,Cooper Countryman,S All4 Classic Confort,2025,SUV,B,nafta,Automática,192 cv,2.0L,Gran Bretaña,3 años ó 200.000 km,USD,59900
MINI,Cooper Countryman,S All4 Favoured,2025,SUV,B,nafta,Automática,192 cv,2.0L,Gran Bretaña,3 años ó 200.000 km,USD,65900
Mitsubishi,Outlander,2.5L 4x4 CVT,2025,SUV,D,nafta,Automática,184 cv,2.5L,Japón,3 años ó 100.000 km,USD,55000
Nissan,Kicks,Advance CVT Plus,2025,SUV,B,nafta,Automática,120 cv,1.6L,Brasil,3 años ó 100.000 km,ARS,36255800
Nissan,Kicks,Advance CVT,2025,SUV,B,nafta,Automática,120 cv,1.6L,Brasil,3 años ó 100.000 km,ARS,34620500
Nissan,Kicks,Exclusive CVT,2025,SUV,B,nafta,Automática,120 cv,1.6L,Brasil,3 años ó 100.000 km,ARS,38074400
Nissan,Kicks,Sense,2025,SUV,B,nafta,Manual,120 cv,1.6L,Brasil,3 años ó 100.000 km,ARS,29122000
Nissan,X-Trail e-Power,e-4ORCE,2025,SUV,C,nafta-eléctrico,Automática,158 cv,1.5L,Japón,3 años ó 100.000 km,ARS,76635500
Nissan,X-Trail,Exclusive,2025,SUV,C,nafta,Automática,181 cv,2.5L,Japón,3 años ó 100.000 km,ARS,63948200
Peugeot,2008,Active T200,2025,SUV,B,nafta,Automática,120 cv,1.0L,Argentina,3 años ó 100.000 km,ARS,34240000
Peugeot,2008,Allure T200,2025,SUV,B,nafta,Automática,120 cv,1.0L,Argentina,3 años ó 100.000 km,ARS,37800000
Peugeot,2008,GT T200,2025,SUV,B,nafta,Automática,120 cv,1.0L,Argentina,3 años ó 100.000 km,ARS,42040000
Peugeot,3008 SUV,GT Pack Hybrid4 4WD,2025,SUV,C,nafta-eléctrico,Automática,197 cv,1.6L,Francia,3 años ó 100.000 km,ARS,55593693
Peugeot,5008 SUV,GT Pack,2025,SUV,D,diesel,Automática,165 cv,1.6L,Francia,3 años ó 100.000 km,ARS,56642436
Porsche,Cayenne Coupé,3.0L Aut,2025,SUV,D,nafta,Automática,340 cv,3.0L,Alemania,4 años,USD,188800
Porsche,Cayenne E-Hybrid Coupé,3.0L Aut,2025,SUV,D,nafta-eléctrico,Automática,304 cv,3.0L,Alemania,4 años,USD,232200
Porsche,Cayenne E-Hybrid,3.0L Aut,2025,SUV,D,nafta-eléctrico,Automática,340 cv,3.0L,Alemania,4 años,USD,229900
Porsche,Cayenne S Coupé,3.0L V6 Aut,2025,SUV,D,nafta,Automática,441 cv,3.0L,Alemania,4 años,USD,249200
Porsche,Cayenne S E-Hybrid Coupé,3.0L Aut,2025,SUV,D,nafta-eléctrico,Automática,353 cv,3.0L,Alemania,4 años,USD,259500
Porsche,Cayenne S E-Hybrid,3.0L V8 Aut,2025,SUV,D,nafta-eléctrico,Automática,550 cv,4.0L,Alemania,4 años,USD,256300
Porsche,Cayenne S,3.0L V6 Aut,2025,SUV,D,nafta,Automática,440 cv,3.0L,Alemania,4 años,USD,242900
Porsche,Cayenne Turbo E-Hybrid Coupé,4.0L,2025,SUV,D,nafta-eléctrico,Automática,599 cv,4.0L,Alemania,4 años,USD,387400
Porsche,Cayenne Turbo E-Hybrid,4.0L,2025,SUV,D,nafta-eléctrico,Automática,599 cv,4.0L,Alemania,4 años,USD,385500
Porsche,Cayenne Turbo GT Coupé,Turbo GT,2025,SUV,D,nafta,Automática,640 cv,4.0L,Alemania,4 años,USD,589000
Porsche,Cayenne Turbo GTS Coupé,500 CV,2025,SUV,D,nafta,Automática,500 cv,4.0L,Alemania,4 años,USD,288700
Porsche,Cayenne,3.0L Aut,2025,SUV,D,nafta,Automática,340 cv,3.0L,Alemania,4 años,USD,184400
Porsche,Macan 4 Electric,408 Cv,2025,SUV,D,eléctrico,Automática,408 cv,,Alemania,4 años,USD,174700
Porsche,Macan 4S Electric,516 Cv,2025,SUV,D,eléctrico,Automática,516 cv,,Alemania,4 años,USD,189900
Porsche,Macan Electric,430 Cv,2025,SUV,D,eléctrico,Automática,430 cv,,Alemania,4 años,USD,168100
Porsche,Macan GTS,GTS,2025,SUV,D,nafta,Automática,381 cv,3.0L,Alemania,4 años,USD,211300
Porsche,Macan S,S Diesel,2025,SUV,D,diesel,Automática,258 cv,3.0L,Alemania,4 años,USD,186800
Porsche,Macan Turbo Electric,430 Cv,2025,SUV,D,eléctrico,Automática,408 cv,,Alemania,4 años,USD,233700
Porsche,Macan Turbo,3.6L,2025,SUV,D,nafta,Automática,400 cv,3.6L,Alemania,No disponible,USD,138100
Porsche,Macan,Macan,2025,SUV,D,nafta,Automática,252 cv,2.0L,Alemania,4 años,USD,128800
Renault,Arkana E-Tech Hybrid,Esprit Alpine 1.3T,2025,SUV,D,nafta-eléctrico,Automática,140 cv,1.3L,Brasil,3 años ó 100.000 km,ARS,43900000
Renault,Duster,Iconic 4x4,2025,SUV,B,nafta,Manual,163 cv,1.3L,Colombia,3 años ó 100.000 km,ARS,37410000
Renault,Duster,Iconic CVT 4x2,2025,SUV,B,nafta,Automática,163 cv,1.3L,Colombia,3 años ó 100.000 km,ARS,35820000
Renault,Duster,Intens,2025,SUV,B,nafta,Manual,115 cv,1.6L,Colombia,3 años ó 100.000 km,ARS,32730000
Renault,Kardian,Evolution 156,2025,SUV,B,nafta,Manual,115 cv,1.6L,Brasil,3 años ó 100.000 km,ARS,29250000
Renault,Kardian,Evolution 200 EDC,2025,SUV,B,nafta,Automática,120 cv,1.0L,Brasil,3 años ó 100.000 km,ARS,31830000
Renault,Kardian,Premier Edition 200 EDC,2025,SUV,B,nafta,Automática,120 cv,1.0L,Brasil,3 años ó 100.000 km,ARS,35020000
Renault,Kardian,Techno 200 EDC,2025,SUV,B,nafta,Automática,120 cv,1.0L,Brasil,3 años ó 100.000 km,ARS,33270000
Renault,Koleos,Intens 2.5 4x4,2025,SUV,C,nafta,Automática,170 cv,2.5L,Corea,3 años ó 100.000 km,ARS,46590000
Renault,Megane E-Tech,220 CV,2025,SUV,C,eléctrico,Automática,N/D cv,,Brasil,3 años ó 100.000 km,ARS,54450000
Subaru,Crosstrek Híbrida,2.0i AWD CVT Limited ES,2025,SUV,C,nafta-eléctrico,Automática,150 cv,2.0L,Japón,5 años ó 100.000 km,USD,48900
Subaru,Crosstrek,2.0i AWD CVT Limited ES,2025,SUV,C,nafta,Automática,156 cv,2.0L,Japón,5 años ó 100.000 km,USD,44900
Subaru,Forester Híbrido,2.0i Hybrid AWD CVT Limited ES,2025,SUV,C,nafta-eléctrico,Automática,150 cv,2.0L,Japón,5 años ó 100.000 km,USD,54900
Subaru,Forester,2.5i AWD CVT Limited Sport ES,2025,SUV,C,nafta,Automática,184 cv,2.5L,Japón,5 años ó 100.000 km,USD,51900
Suzuki,Jimny 5 Puertas,GL Monotone,2025,SUV,B,nafta,Manual,100 cv,1.5L,Japón,5 años ó 100.000 km,USD,41900
Suzuki,Jimny 5 Puertas,GLX Monotone Aut,2025,SUV,B,nafta,Automática,100 cv,1.5L,Japón,5 años ó 100.000 km,USD,43900
Suzuki,Jimny,GL Monotone,2025,SUV,B,nafta,Manual,100 cv,1.5L,Japón,5 años ó 100.000 km,USD,37900
Suzuki,Jimny,GLX Bitone Aut,2025,SUV,B,nafta,Automática,100 cv,1.5L,Japón,5 años ó 100.000 km,USD,39900
Suzuki,Jimny,GLX Monotone Aut,2025,SUV,B,nafta,Automática,100 cv,1.5L,Japón,5 años ó 100.000 km,USD,39900
SWM,X7,1.5T Aut,2025,SUV,D,nafta,Automática,154 cv,1.5L,China,No disponible,USD,29000
SWM,X7,1.8L,2025,SUV,D,nafta,Manual,135 cv,1.8L,China,No disponible,USD,25000
Toyota,Corolla Cross,2.0 GR-Sport CVT,2025,SUV,C,nafta,Automática,170 cv,2.0L,Brasil,5 años ó 150.000 km,ARS,49279000
Toyota,Corolla Cross,2.0 SEG CVT,2025,SUV,C,nafta,Automática,170 cv,2.0L,Brasil,5 años ó 150.000 km,ARS,47588000
Toyota,Corolla Cross,2.0 XEi CVT,2025,SUV,C,nafta,Automática,170 cv,2.0L,Brasil,5 años ó 150.000 km,ARS,43313000
Toyota,Corolla Cross,2.0 XLi CVT,2025,SUV,C,nafta,Automática,170 cv,2.0L,Brasil,5 años ó 150.000 km,ARS,40314000
Toyota,Corolla Cross,Híbrida 1.8 SEG eCVT,2025,SUV,C,nafta-eléctrico,Automática,98 cv,1.8L,Brasil,5 años ó 150.000 km,ARS,49126000
Toyota,Corolla Cross,Híbrida 1.8 XEi eCVT,2025,SUV,C,nafta-eléctrico,Automática,98 cv,1.8L,Brasil,5 años ó 150.000 km,ARS,44763000
Toyota,SW4,Diamond II 2.8 TDi 7A Aut,2025,SUV,D,diesel,Automática,204 cv,2.8L,Argentina,5 años ó 150.000 km,ARS,73166000
Toyota,SW4,GR-S 2.8 TDi 7A Aut,2025,SUV,D,diesel,Automática,224 cv,2.8L,Argentina,5 años ó 150.000 km,ARS,76941000
Toyota,SW4,SRX 2.8 TDi 7A Aut,2025,SUV,D,diesel,Automática,204 cv,2.8L,Argentina,5 años ó 150.000 km,ARS,72683000
Volkswagen,Nivus,170 TSi,2025,SUV,B,nafta,Manual,101 cv,1.0L,Brasil,3 años ó 100.000 km,ARS,31999100
Volkswagen,Nivus,Comfortline 200 TSi,2025,SUV,B,nafta,Automática,116 cv,1.0L,Brasil,3 años ó 100.000 km,ARS,35936500
Volkswagen,Nivus,Highline 200 TSi,2025,SUV,B,nafta,Automática,116 cv,1.0L,Brasil,3 años ó 100.000 km,ARS,38803100
Volkswagen,Nivus,Outfit 200 TSi,2025,SUV,B,nafta,Automática,116 cv,1.0L,Brasil,3 años ó 100.000 km,ARS,39694600
Volkswagen,Nivus,Trendline 200 TSi,2025,SUV,B,nafta,Automática,116 cv,1.0L,Brasil,3 años ó 100.000 km,ARS,33966700
Volkswagen,T-Cross,170 TSi Trendline,2025,SUV,B,nafta,Manual,101 cv,1.0L,Brasil,3 años ó 100.000 km,ARS,37297600
Volkswagen,T-Cross,200 TSi Comfortline,2025,SUV,B,nafta,Automática,116 cv,1.0L,Brasil,3 años ó 100.000 km,ARS,42417950
Volkswagen,T-Cross,200 TSi Extreme,2025,SUV,B,nafta,Automática,116 cv,1.0L,Brasil,3 años ó 100.000 km,ARS,47997550
Volkswagen,T-Cross,200 TSi Highline,2025,SUV,B,nafta,Automática,116 cv,1.0L,Brasil,3 años ó 100.000 km,ARS,46820700
Volkswagen,T-Cross,200 TSi Trendline Aut,2025,SUV,B,nafta,Automática,116 cv,1.0L,Brasil,3 años ó 100.000 km,ARS,39217650
Volkswagen,Taos,Comfortline Aut,2025,SUV,C,nafta,Automática,150 cv,1.4L,Argentina,3 años ó 100.000 km,ARS,45717800
Volkswagen,Taos,Highline Aut Bitono,2025,SUV,C,nafta,Automática,150 cv,1.4L,Argentina,3 años ó 100.000 km,ARS,51257500
Volkswagen,Taos,Highline Aut,2025,SUV,C,nafta,Automática,150 cv,1.4L,Argentina,3 años ó 100.000 km,ARS,50802000
Volkswagen,Tiguan,Allspace 350 TSi DSG Life,2025,SUV,C,nafta,Automática,220 cv,2.0L,México,3 años ó 100.000 km,ARS,70841800
